,MAE,RMSE,N_predictions
Item-Item CF,0.7123321227486242,0.9353095959665454,2000.0
Matrix Fact.,0.6745727293103532,0.8808138585279962,2000.0
